Name,Sequence
ST0[87]3[80],TTCGCCTGATTGCTTGATTGTTTTTGCGACAATTT
ST67[39]64[39],GGAATACAGAAAGAATATTCATTACCCAGGCTGACCTTCATC
ST58[94]62[95],CACTACGAGCTATATTCGCAAAATCCGCGAATAACTCCATCC
ST55[130]53[143],TCATATATTTTAAATGCAATGGTGAGAAAGGCCGGAATGCCG
ST48[45]52[46],TTTCAGGAACACTGAGTTTCGGTCGTCTGGATTTTAACCGAT
ST38[122]41[129],CCCGGAAGTGCCAAGCTTTCAAGGGTTTCCTCTTC
ST37[53]38[60],GGGCGGTTGTGTACAAAAGAG
ST31[67]29[73],TTTGCCATCAGTAGCGACAGAAGGGAAGGTAAATA
ST23[95]26[88],CCAGTGAGAGAGGCGCCTAATGTTGAGGATCCCCG
ST20[80]23[73],AGAAATAATAACGGGAAAAACTTGAGTGATAAAAG
ST19[109]21[115],TGTAGCGGTCACGCTTGACGGGGAAAGCTCACCCA
ST17[46]22[46],ATCAGTGCAGAATCAGTTACCAGAAGGAAAAAGAACTGGCATTGGACTCAACAAGA
ST18[122]14[116],CCTCGTTATTAGTAAGCCATTATACGTGGCACAGACACCCTGAACAAAG
ST13[109]17[108],ATAGCAGTCAGAGGCGTAAGAGCAACAGGAAAAACAATAC
ST13[88]17[87],GTTTAACAATATCAGAACCCTGGAAATACCTACATCACGCAA
ST28[73]28[81],GTCATAAGCAAAAGAACAGAAAACGAGAAGGTTTC
ST69[109]26[123],AGGTCTTTACCCTGACTATTAATGAGCCTGCACTCTTCTTCG
ST26[52]68[53],TGTTTCCATGCCGGTACAGGTCACATTCAACTAATCATAGTA
ST27[88]29[80],TCAGACGAAAAATCTACGTTAATAAAACCGGTGCCTTTGCTCTTGACGG
ST65[95]31[108],CCTGACGTGGGAAGATCCAGCCTGGTAAAGGTGAAAATGAAACGGAACCAGAGTT
ST26[136]65[129],GTGCCTGTGTGGTGTTTAAGAACTGGCTTAAATTG
ST26[115]24[102],GAGCCTCTCACTGCCCAGTCAGGACGTAGAAACCGCGGG
ST25[109]28[116],GCTAACTGCCAACGACCAGAACGAGTAGCATTATAGCGCCTGGGGTCAC
ST27[81]65[94],CCCTGCAGGTACCGGTAAAGCCTGGGGTGGTTTGCGGCTTGC
ST25[67]24[74],CGGAAGCGCAAAGAAGCTGCTCATTCAGTGAATAAGTATTGGGCGCCAC
ST62[73]26[53],AACGAGGCGCAGACGGTCAATAAAGGTGGAATAAGCACAACATCATAGC
ST22[115]61[108],GCAAAATCAACAGCCTGGAAGTTTCATAGTTGAT
ST62[129]26[116],CTAAAGTACGGTGTTGATTGCTGAATCGCACATTACGTCCGT
ST23[60]59[59],GCAACATTTGTTCCGTACAACAGAGGCAAAAGAATACACTAAAAGCGCGAAACAAA
ST58[73]21[87],AAACGAAGGAGATTTGTATAAGATAGGGCGTCTATCAGGGCG
ST60[108]21[101],ACCATTAGATACATTTTTCATTAAATCAACTACGT
ST58[122]21[122],CCTCAGAGCATAAACGCGAGCTGAAAAGGAAATCGAATCAAG
ST24[129]58[123],GCATTAACCTTCACTGGTTCCGTGGCATAATAAAG
ST59[130]19[143],CAATTCTACTAATAGTAGTAGAAAGAATTAGCAAAACACCCG
ST21[102]55[122],GAACCACGGCGAGGCAAGGAGCGGACGCAAGGATAAAAATTTTT
ST20[87]55[87],GAAGGGAAGGAGCGGCCGATTGCGGGAG
ST22[59]18[60],AGTTTGGCAACGTCAAAGGGCAATACCCAACCGAGCAGGAAC
ST20[143]62[130],AGGGAGCCCCCGATGGGTCGATTGATGGCGCCTGGTATGCAA
ST62[150]26[137],CAACATGTTTTAAACCCTGAGCTGTCGTACTGCCCAGCACGC
ST16[136]54[130],ACAATATTACCGCCATAACATGCTTTCGCTAGCTGATAAATTAGACAGT
ST52[136]58[130],TCAGCTTCACTTGCGTATAACAACCACCATTAAGC
ST10[115]48[102],TTGCGGGAGGTTTACAGTTGAAGATATGAAAGGAAGA
ST48[73]52[60],CGTTAACCCAAATAAAGAATTACATTCTCTCAATCGTCTGAACGAGTAACATCGCC
ST13[60]50[67],TCCCAATCCTCAGATACAAACTACAACGAGCGTAA
ST50[59]16[46],AAGTTTTTCACCAGGCCACCACCCTCATAGCCATAAATAAGAACACGACATTTACA
ST16[59]50[60],ATGGATTCAGTAATAAAAGGGGAGTTAAAACTTTCCGATCTA
ST44[52]13[45],GTTGATACAAGTACTATCCTGAATCTTAGCATCACGCCAGCAAATAAAC
ST44[73]12[60],CGGATAAACAAGCATTTTGCACCCAGCTAATATCATGCAACA
ST9[81]48[88],TTTATTTTGCTCAGAGCGAGTCCAGCTTAATTCGCATTAAATAGCAAAT
ST45[95]10[88],CGTCGGACATTAGCGGGGTTTTCATCGTTTAAATC
ST41[102]9[115],GGAAGGAAACCAGAAGATCGCACTCCAGACAGTAGCGCCCA
ST41[130]5[143],GCTATTATGCAGAAAGTAATTGCGTTAAGACCTAAATTTAAT
ST11[130]41[143],TCTAAAATATCTTTCGCGAGGGAAGGCTCAGCTAACGCCAGC
ST41[81]5[94],AGTCAGGCTGCGCACAAGAAAGAGCCAGAAAGCCTAGAAAAC
ST11[67]41[80],AACCCTCAATCAATGTTGCTAAGCCGTTTCCCATCAGTATTA
ST41[46]4[53],TTCGGAAACCAATCTATTTAAGTATAAATGTAAATGCTGATGATCATAG
ST12[52]8[53],GCTGAGACTTGCTGAACCTCAACAATTTCGCACTCTGTAGAA
ST41[53]5[73],CCTATTATTCTGAAACATGAACTAATTTAATTTAGGCGTTATAATCGCA
ST37[39]45[52],TGCCGCCGATCAAAATCGCCAAATAATCATTAAACTAAGTATGGTTTAGTACCGCC
ST3[102]7[101],TGGAAAATAGCTAATATAATAATTACTAGAATAATAAG
ST37[123]7[129],GGGTAAATACCAGTAAGGTAA
ST40[143]4[130],AGTTGGGTAACGCCGAGGTGGCCATGTTGTTAAACTTCCCTT
ST5[109]37[122],TTTTAGTTAATTTCTTGAAAATGATGAA
ST5[95]9[108],TTTTTCATAGATTAGCCGCACAGGCGGGAGATAAGAATAGATAAGATTACC
ST44[108]48[109],TCGGCCTTTCTCCTCGCGTCAAATCAGCTCATTTAAAAACA
ST5[74]8[81],AGACAAAGTCAATATAAAAAAATCCCGTTGAAGGGCATTTTCAATAATA
ST4[87]7[80],GAGAAGAGAACGCGGTTTAGTATCATATGCAGAGG
ST38[80]2[67],ATAGCTCTCACGGAATCGACAGTGAATTACATTTAGAACAAA
ST34[80]6[60],CGCCACCAGAACCACCACCAGATTAATTTATCAAACAAATCCACAAATT
ST2[101]3[87],AAAGTTTTTTTTAACAGAGCCACCACCCTCAGAGCCATTTGA
ST0[122]34[102],CAGTACCACCTACCCCCGAACTAAATCACGCAAGAATACCGCCACCCT
ST2[143]37[150],CAACTCGATAACCTGCTGGTCACATCCTCATAACGGTTTTTTATTGCCG
ST3[46]30[39],ATCAAGAGAGCGGAGTCATAGTTGCCTTTAGCGTC
ST30[59]1[66],ATCAAGTCCCCCTTATTAGCGGAAACCACATCAAT
ST1[46]68[39],AGATGATCGCGCAGCAACCGAGGTGTGTCCAAAATAGAGCAACACTATC
ST1[88]69[101],ATACTTCTAACGGATCATTAATGGGTAAATGACCATAAATCA
ST30[115]1[101],CGGAAACGTCACCTTATCATCGGGAGAAACAATGAATAA
ST2[108]28[109],ATTTTATGGAAGGGTTAGATTTTACACCGTCACTGTTGCC
ST3[130]0[123],TGAGTGATATTAAACAGCGGGCACCATTACCATTAAGCCATTACAGTAA
ST30[80]1[87],ACCGTAATCTTTTCATAATCAATTATCATTGGATT
ST69[53]25[66],AGCGAGAGGCTTTTACATCCCGCAGCCAATCATGGTACGAGC
ST7[60]12[67],AACATGTACGAGCAATCGAGAGTGCCGTGAACCGCCACCCTTCACCGCC
ST48[101]12[88],TTGTATATTTTGTTTGGCCTTCCTGTAGAACAACCAGGTGAG
ST8[129]12[130],CGCGCCTGCAAATCTTTGAGGCGGATTGACCGTAACATTAAA
ST12[143]10[130],ACATCGCTGGGATACGTGCATCTGCCAGAGATATACGTTTTA
ST23[102]19[101],GACGGGCCCTTATTGGGGGCTAAATCGGTGCGGGCGCT
ST52[59]44[53],CACGCATGCTAAACGCCCAATTTATTTAGTGCCACACCCTCACGAGAGG
ST52[108]12[95],AACAGCTTGATACGGAACAAGAGCGCTGTCAAAAAAAACAG
ST14[108]18[109],GTAATTCTAAAGGAATTGCTTTCTTATTCTTTGAGAATCA
ST15[81]19[94],AGAGATAGAGAGATAGTGAGAATAGAAACGATAGTATTAACCACAGGAGGGCGCTA
ST52[87]44[74],TGCGCCGACAATGATCAGCGGAACCCACAGAAACGGTATTAAAAATGTGTACCAGG
ST51[67]19[73],AACAGTTCAACAACAAGAGTCTTTTAGAGAAACGC
ST59[81]19[80],CCTGTTTAAGGCACCAACCTAAAGCGAA
ST38[101]31[94],GACTTTCTCCGTGGAAAAAAAAGACGCTATTACCTGAGTAACAAATCAC
ST30[94]29[87],CCATCGAAATACTGTCAAATGCTTTAAACAGTTGTACTGGATAGCGTCCTAGCAGCAAATTAT
ST11[88]41[101],CAGTTGGCAAATCATGAAGCCAGGAATCTCCTGAAACTGTTG
ST10[87]49[94],AAGATTAATCTGGTGCGGTCAATTTTTTATTTAAACATTCCACATTTTT
ST50[94]48[74],TTTTTGACAGCCCTCATAGTTCCTGTAGTTGTAAA
ST49[127]15[136],TTTTTGAATCGATGAACTACCCCGGTTGATAATAACATAACTGAACAATATT
ST52[143]50[127],CGGTTTAGAAAATCTCCAAAAGAGTCTGGAGCAAACAAGATTTTT
ST54[62]17[59],TTTTTCTTTTGCGGGATACGAGGGTAGCAACGGTACGCAGGCCAC
ST16[45]53[62],TTGGCAGTTTTATAATATTCGTGCAGGGAGTTAAAGGCCGTTTTT
ST53[106]51[136],TTTTTTATTCAACCGTTAGGTGAAGAATAATAATTTTTTCACGTT
ST21[123]54[106],TTTTTTGTTAGAGCTGCGCGTGTGCTTTAGAACCCCAAATCACCATCAATATGATTTTT
ST57[57]15[80],TTTTTGAGGAAGTTTCCATTAAACGGGTAAAGTAATACTTACTAATGAGGTTAAAGGGATGTCCATTTTGACGGGCCAAC
ST55[60]56[57],GGCTACAGAGGCTTAGACTTTTTCATTTTTT
ST55[88]57[108],AAGCCTTTGACCCTATACGTAATTGTACCATTTTT
ST56[108]15[108],TTTTTAAAACATTATATTTCAGAGCTAAGTTGTAGCGCTCATTCTGACCTGAAAG
ST61[67]22[81],TTTTTTGATAAATTTAGCCGGAAAGGGTGGTTTTTAGCCCGA
ST20[101]60[67],ACGTGGCGAGAAAGATGGCCCAAAGAATCTTTTCATGCTCCATGTTACTGTGTCGAATGGTCAATCATCGCCTTTTT
ST60[129]61[129],TTTTTGAGTAGATTTAGTTTGTCCCAATTCTGCGAACTTTTT
ST23[46]63[69],CATACATCATAAGGATGAACGGTGTACAGACCATTTTT
ST64[69]29[59],TTTTTGGCGCATAGGCTAATCAACACATTATGTTACCTTTACACTTTGAGGG
ST63[123]66[137],TTTTTGAGGTCATTTTTGCGGTTGCTCCGATGGTTATGCGAT
ST25[123]64[123],ATTGCGTTGCGCTCGCCAGCTGGCTTGATTTTGATAATTTTT
ST68[80]24[60],TTTTTAAAAGGAATTACGAGGGCAGATACGGAACAGTAACAACACCACG
ST25[74]67[80],ATAAAGTAGCTCGAATTCGTAGCGGTGCGAACTAACATAACGCCTTTTT
ST29[130]68[123],TGGGAATTTGCGGTTAGTCAGATCGCGTTTTTTTT
ST29[39]0[24],CGACATTAGGCGAATTATTCATTTCATTT
ST1[24]2[24],TTTATTACCTTTCCTTCATAGAGCAAATTT
ST5[20]4[20],TTTTTAGGTTGGGTTATATCTTTTTAACCTCCGGCTTT
ST3[39]6[24],AACAAACAGACTACAACTATAGCCAACGCTCAACAGTAGGTTT
ST9[20]8[20],TTTCATTCCAAGAACGGGTGGCTGTCTTTCCTTATTTT
ST11[20]10[20],TTTTCTTTCCAAATCTAAACCAACGCTAACGAGCGTTT
ST13[20]12[20],TTTAATTTGCCAGTTACAAGCAAATGAAAGAGCCTTTT
ST15[27]14[27],TTTTAGCAATTCACCAGTCGCAAGAAACAATGAAATTT
ST17[20]16[20],TTTAGCCCTTTTTAAGAGTATAGCTATCTTACCGATTT
ST19[27]20[27],TTTGCAGATAGCACTCCTTATTTT
ST21[27]18[27],TTTTACGCAGTAAAGAACGGATTAAGCGAACAACTGAGAAGTAAAGTAATTT
ST23[39]22[27],GAAAATAGTCCACTATTATGTTATTT
ST23[27]24[24],TTTGCAAACGTAATCAATAGAAAATTT
ST25[24]24[39],TTTTTCATATTTATCCGCTCACAATTCCATTTATTTTGTCACA
ST27[27]26[27],TTTTACCTAACGGCATCAGTGTGTGAAATTGGGTTTTT
ST29[24]30[24],TTTAAGACAAAAGGGAGACTGTAGCGCTTT
ST31[24]1[45],TTTGTTTTCATCGGCATTTTCGATTATCAGATTATC
ST3[24]34[24],TTTAGAAGATGATGAGAGGTTGAGGCATTT
ST35[24]36[39],TTTGGTCAGACGATTGGCCTTGCTGAATT
ST37[20]36[20],TTTGTCATACCTGCTCATTTACCGTTCCAGTAAGCTTT
ST7[24]38[24],TTTGCTTAATTGAGACTTAAATTTATGTTT
ST39[24]41[45],TTTGCTTTTGATGATACAGGAGCCTTGAGTGCCTAT
ST41[20]40[20],TTTAACAGTTAATGCCCCCTAACAGTGCCCGTATATTT
ST45[20]44[20],TTTATCACCGTACTCAGGAAGCCCGGAATAGGTGTTTT
ST49[20]48[20],TTTGGAACCCATGTACCGTGATAGCAAGCCCAATATTT
ST51[27]50[27],TTTATGAATTTTCTGTATGTTCCAGACGTTAGTAATTT
ST55[27]54[27],TTTGAAAGACAGCATCGGACGTCACCCTCAGCAGCTTT
ST59[27]58[27],TTTCCCCAGCGATTATACCAACACTCATCTTTGACTTT
ST63[39]62[27],AGGACAGGAACCGAACTGACCAATTT
ST63[27]64[24],TTTCTTTGAAAGAAGAGTAATCTTTTT
ST65[24]66[27],TTTGACAAGAACCGGTTCATCAGTTTT
ST67[27]68[24],TTTTGAGATTTAATAACCCTCGTTTTT
ST69[24]28[24],TTTTACCAGACGACGATAAAAATCAGCAAATCGTAGCGCCATTT
ST0[166]1[143],TTTGCGTAGATTTTCAGGTTTAACGTCAGATGCACGT
ST2[166]1[166],TTTAGACTTTACAAACAATTCGAAAAACAGAAATAAAGAAATTTTT
ST4[162]5[162],TTTTTTATCGTCGCTATTAGGTTTGAAATACAGGATTT
ST6[166]39[143],TTTTACATTTGCGACCGTGTGATAAATAAGCTGTCCATACAGCGAGCCGCC
ST38[150]7[166],CGAAACGGACGACGACAATATAGATAATTT
ST8[162]9[162],TTTGTCAAAACAACATGTTTATCCGGTATAGAGCCTTT
ST10[162]11[162],TTTAATAGATTTCTAAGAAAGGAGCACTAACAACTTTT
ST12[162]13[162],TTTAACTGATAGCCCTAAAGGGAAGCGCATGCGCGTTT
ST14[158]13[143],TTTTTAATTAGACGGGAGAATTAAAAACA
ST16[143]15[158],ATCCAGATTTGAATGGCTATTAGTCTTTT
ST16[162]17[162],TTTCGGCCTTGCTGGTAATGAAGAACTCAAACTATTTT
ST18[169]17[143],TTTGGCGCGTACTATGGTTGCTTTGACGAGCACCTGAGTA
ST20[158]19[169],TTTTCGGAACCCTAACCGCGCTTAATGCGCCGCTACAGTTT
ST22[169]21[158],TTTCTGGTTTGCCCCAGCAGGCGAAAATCCTGTGGTGCCGTAAAGCACTAAATTT
ST24[155]23[169],TTTTCGGGAAACAGAGTTGCAGCAAGCGGTCCACGTTT
ST26[169]25[155],TTTCGGTCATACCGGGGGTTTCTGCCGCTTTCCAGTTT
ST27[137]27[169],CTGCGGCCAGAATGCGGCGGGCCGTTTTCATTT
ST28[155]29[155],TTTAATCCGCCGGGCGCGGTAGAGCCAGCAAACTCTTT
ST30[155]31[155],TTTTCGCAATCACCAGTAGGTCATTGCAGGCGCTTTTT
ST34[166]3[166],TTTTTGTAGAACGTCAGCGTGGTTGCTTCTGTAAAGAAGTATTTTT
ST36[162]35[166],TTTACGCGGTCCGAACGTGCCGGACTTT
ST38[166]37[162],TTTCGGAAACAATCGGTTCCGGCAATTT
ST40[162]39[166],TTTTGCTGCAAGCGGATAACCTCACTTT
ST39[144]41[162],ACGGGAAGCGATTATGGCGAAAGGGGGATGTTT
ST44[162]45[162],TTTATGGGCGCATCGTAACGGTCACGTTGGTGTAGTTT
ST48[162]49[162],TTTGCATGTCAATCATATGGGTAATCGTAAAACTATTT
ST50[169]51[169],TTTTCAGGTCATTGCCTGAAAAAGGCTCCAAGCTATTT
ST52[172]53[157],TTTTACAAAGAAGGAGCCTTTAATTGTATGAGAGGGTAGCTAT
ST54[169]53[172],TTTGTAAAGATTTTTTGAGAGATCTTT
ST54[157]55[169],CAAAAGGCCTGAGTAATGTGTAGTTT
ST58[169]59[169],TTTATCATACAGGCAAGGCCATTAACATCCAATAATTT
ST62[169]63[169],TTTATATAATGCTGTAGCTAGAGCTTAATTGCTGATTT
ST64[166]63[150],TTTGGATTAGAGAGTACCTTTAAATGGCTT
ST66[150]65[166],TTACCTTTAATTTCAACTTTAATGTCATTT
ST66[169]67[169],TTTCCAACAGCATTGTGAAAGACCGGAAGCAAACTTTT
ST68[166]67[150],TTTTAAGAGGAAGCCCGAAAGACGCGAACC
ST67[123]69[166],TTTTTTAATTCGAGCTTCAAATTCAAATAAGCAAAGCGGATTGCATCAAAAAGATTTT
ST36[77]34[39],ATCGCCTAAAGCCAGAATGGAAAGCGCAGTCTATATTCAGCCAGCATTGACAG
ST1[67]35[65],ATAATCCTTGAATACCAAGTTACAAAATGGCAATTCCAGAAGAAACAAAAGCCGCCCAAACAAATAAAT
ST35[119]7[122],GCGAACTCCGGCCAGAGCTGGTCAGCAGCAACATATATGAGAATCCATCTTCTATAAGAATAAACACCCGACAA
ST4[143]36[119],ATTAATTGATGCTGCGTCTCGTCGCTGGCAGCCGAGTAG
ST40[55]4[46],GGGGTCAGTGTGTACTGAACAGCGAGCAGTTGTCTGAG
ST6[59]39[67],CTTACCACAACGCCACGCAGAGTAATAAGTGAGGAA
ST11[116]40[98],ATTGAGGTCCCGACATAGCAAGTTTATCGTGCGGGTCCCAGTCACGACGTTGTAAAAACA
ST39[110]31[115],CGGCCATTTGTGACCTTTAGCATAGCGCAGTACAGTTATTAACGGCTG
ST42[121]6[109],CTTCTGGTGCCGGGCGATCGAACAATATAAAGTACGGAATC
ST46[121]11[115],CATCAAAAATAATGTGGGAAACCAGCAGAAAGGA
ST71[53]70[53],TTTTTATAGTAAAATGTTTAGTTTGCCAGAGGGGGTATTTTT
ST70[101]71[115],ATCCCCCCGGAATCGTCATAAATTTTTT
ST70[115]25[108],TTTTTATTCATTGAAAAATCCTGCGGGCAGTGCTCACAGAGTGA
ST33[85]32[85],TTTTTTCCCTCAGAGCCGCCACCCTCAGAGCGCAACCAGCCCACCACCGGAACCGCCTTTTT
ST32[136]0[130],TTTTTGGTGGTGCCCCAGCATTCCTTTGATATCAAAATTATTTGAATAT
ST29[116]33[136],CGACTTGGCAAGGCGAGGTGTATCCCACCAACGGCAGCACCGTCTTTTT
ST43[82]42[82],TCAAGAGAAGGATTAGGAGGGCAAAGCGCCATTCGCCATA
ST13[116]43[121],CCTTTACAAGAACCCAAACGGGGACGACGCCAGC
ST47[71]46[59],ATTTTGTTAATCATCAACATCAGAACGGCGCA
ST10[129]47[133],GCGAACCAAGGTTAAATACCGAGAGAGAATCAGAAAAGCCCCTTTAACCAATAGGAGGTC